<?xml version="1.0"?>
<?xml-stylesheet type="text/xsl" href="configuration.xsl"?>
<!--
  Licensed under the Apache License, Version 2.0 (the "License");
  you may not use this file except in compliance with the License.
  You may obtain a copy of the License at

    http://www.apache.org/licenses/LICENSE-2.0

  Unless required by applicable law or agreed to in writing, software
  distributed under the License is distributed on an "AS IS" BASIS,
  WITHOUT WARRANTIES OR CONDITIONS OF ANY KIND, either express or implied.
  See the License for the specific language governing permissions and
  limitations under the License. See accompanying LICENSE file.
-->

<!-- Put site-specific property overrides in this file. -->

<configuration>
  <property>
    <name>mapreduce.jobhistory.address</name>
    <value>dbslp0438:10020</value>
  </property>
  <property>
    <name>mapreduce.jobhistory.webapp.address</name>
    <value>dbslp0438:19888</value>
  </property>
  <!--
  <property>
    <name>mapreduce.framework.name</name>
    <value>yarn-tez</value>
  </property>
  -->
<property>
<name>mapreduce.map.memory.mb</name>
<value>2048</value>
</property>

<property>
<name>mapreduce.map.java.opts</name>
<value>-XX:+UseConcMarkSweepGC -XX:+PrintGCDetails -XX:+PrintGCTimeStamps -verbose:gc -XX:ErrorFile=/opt/cores/mapreduce_java_error%p.log -XX:+UseLargePages -XX:LargePageSizeInBytes=2m -Xmx1536m</value>
</property>

<property>
<name>mapreduce.reduce.memory.mb</name>
<value>4096</value>
</property>

<property>
<name>mapreduce.reduce.java.opts</name>
<value>-XX:+UseConcMarkSweepGC -XX:+PrintGCDetails -XX:+PrintGCTimeStamps -verbose:gc -XX:ErrorFile=/opt/cores/mapreduce_java_error%p.log -XX:+UseLargePages -XX:LargePageSizeInBytes=2m -Xmx3072m</value>
</property>

<property>
  <name>mapred.map.child.env</name>
  <value>PATH=$PATH:/usr/bin</value>
</property>

<property>
  <name>mapred.reduce.child.env</name>
  <value>PATH=$PATH:/usr/bin</value>
</property>

 <!--Security: Only Job Submitter can view job logs-->
<property>
  <name>mapreduce.job.acl-view-job</name>
  <value> </value>
</property>

<property>
<name>mapreduce.map.disk</name>
<value>0.07</value>
<final>true</final>
</property>

<property>
<name>mapreduce.reduce.disk</name>
<value>0.13</value>
<final>true</final>
</property>

<!-- To fix OBDP History Server Connection Issue -->
<property>
  <name>mapreduce.jobhistory.client.thread-count</name>
  <value>15</value>
  <final>true</final>
</property>

<property>
<name>mapreduce.am.max-attempts</name>
<value>5</value>
</property>

 <!--added by BB along with 5.1 patch # mapr-patch-5.1.0.37549.GA-41636.x86_64.rpm -->
  <property>
   <name>mapreduce.jobhistory.max-age-ms</name>
   <value>604800000</value>
  </property>

  <property>
   <name>mapreduce.jobhistory.cleaner.interval-ms</name>
   <value>86400000</value>
  </property>

  <property>
   <name>mapreduce.jobhistory.cleaner.enable</name>
   <value>true</value>
  </property>

<!--added by BB on Feb 19 2017 for Commit issues. Change # CHG0123938 -->
<!--modified to add an a new value final. added by BB on Feb 22 2017 . Change # CHG0125543 -->
<!--BG 201703080939 Removed final=true to resolve platfora RTAM missing par file issue Change # CHG0132394 -->
  <property>
    <name>mapreduce.fileoutputcommitter.algorithm.version</name>
    <value>2</value>
  </property>


<!-- DAV -->
<property>
  <name>jobtracker.thrift.address</name>
  <value>0.0.0.0:10382</value>
</property>

<property>
  <name>mapred.jobtracker.plugins</name>
  <value>org.apache.hadoop.thriftfs.ThriftJobTrackerPlugin</value>
  <description>Comma-separated list of jobtracker plug-ins to be activated.</description>
</property>


</configuration>
