{
	"package_names": {
		"abind": "1.4-5",
		"acepack": "1.4.1",
		"analogsea": "0.5.0",
		"aplpack": "1.3.0",
		"arm": "1.9-3",
		"arules": "1.5-3",
		"assertthat": "0.2.0",
		"AUC": "0.3.0",
		"backports": "1.1.1",
		"base64enc": "0.1-3",
		"bayesplot": "1.4.0",
		"bbmle": "1.0.19",
		"bdsmatrix": "1.3-2",
		"betareg": "3.1-0",
		"BH": "1.65.0-1",
		"biglm": "0.9-1",
		"bindr": "0.1",
		"bindrcpp": "0.2",
		"binGroup": "1.1-0",
		"bit": "1.1-12",
		"bit64": "0.9-7",
		"bitops": "1.0-6",
		"blob": "1.1.0",
		"bookdown": "0.5",
		"boot": "1.3-20",
		"brew": "1.0-6",
		"broom": "0.4.2",
		"C50": "0.1.0-24",
		"ca": "0.70",
		"Cairo": "1.5-9",
		"callr": "1.0.0",
		"car": "2.1-5",
		"carData": "3.0-0",
		"caret": "6.0-77",
		"caTools": "1.17.1",
		"cellranger": "1.1.0",
		"checkmate": "1.8.4",
		"checkpoint": "0.4.1",
		"chron": "2.3-50",
		"class": "7.3-14",
		"cli": "1.0.0",
		"clipr": "0.4.0",
		"cluster": "2.0.6",
		"coda": "0.19-1",
		"codetools": "0.2-15",
		"colorspace": "1.3-2",
		"colourpicker": "1.0",
		"commonmark": "1.4",
		"config": "0.2",
		"covr": "3.0.1",
		"crayon": "1.3.4",
		"crosstalk": "1.0.0",
		"curl": "3.0",
		"CVST": "0.2-1",
		"data.table": "1.10.4",
		"DBI": "0.7",
		"dbplyr": "1.1.0",
		"ddalpha": "1.3.1",
		"DEoptimR": "1.0-8",
		"desc": "1.1.1",
		"deSolve": "1.20",
		"devtools": "1.13.3",
		"dichromat": "2.0-0",
		"digest": "0.6.12",
		"dimRed": "0.1.0",
		"doParallel": "1.0.11",
		"dotenv": "1.0.2",
		"dplyr": "0.7.4",
		"DRR": "0.0.2",
		"DT": "0.2",
		"dtplyr": "0.0.2",
		"dygraphs": "1.1.1.4",
		"e1071": "1.6-8",
		"effects": "4.0-0",
		"evaluate": "0.10.1",
		"expm": "0.999-2",
		"fastICA": "1.2-1",
		"fastmatch": "1.1-0",
		"feather": "0.3.1",
		"ff": "2.2-13",
		"ffbase": "0.12.3",
		"flexmix": "2.3-14",
		"flexsurv": "1.1",
		"forcats": "0.2.0",
		"foreach": "1.4.3",
		"forecast": "8.2",
		"foreign": "0.8-69",
		"formatR": "1.5",
		"Formula": "1.2-2",
		"fracdiff": "1.4-2",
		"functional": "0.6",
		"gam": "1.14-4",
		"gamlss": "5.0-2",
		"gamlss.data": "5.0-0",
		"gamlss.dist": "5.0-2",
		"gbm": "2.1.3",
		"gdata": "2.18.0",
		"geepack": "1.2-1",
		"geosphere": "1.5-5",
		"ggplot2": "2.2.1",
		"ggROC": "1.0",
		"git2r": "0.19.0",
		"glmnet": "2.0-13",
		"glue": "1.2.0",
		"gmm": "1.6-1",
		"gower": "0.1.2",
		"gplots": "3.0.1",
		"gridBase": "0.4-7",
		"gridExtra": "2.3",
		"gsubfn": "0.6-6",
		"gtable": "0.2.0",
		"gtools": "3.5.0",
		"h2o": "3.14.0.3",
		"haven": "1.1.0",
		"hexbin": "1.27.1",
		"highr": "0.6",
		"Hmisc": "4.0-3",
		"hms": "0.3",
		"HSAUR3": "1.0-8",
		"htmlTable": "1.9",
		"htmltools": "0.3.6",
		"htmlwidgets": "0.9",
		"httpuv": "1.3.5",
		"httr": "1.3.1",
		"igraph": "1.1.2",
		"inline": "0.3.14",
		"ipred": "0.9-6",
		"IRdisplay": "0.4.4",
		"IRkernel": "0.8.9.9000",
		"irlba": "2.3.1",
		"ISLR": "1.1",
		"iterators": "1.0.8",
		"jsonlite": "1.5",
		"kernlab": "0.9-25",
		"KernSmooth": "2.23-15",
		"knitr": "1.17",
		"labeling": "0.3",
		"Lahman": "6.0-0",
		"lattice": "0.20-35",
		"latticeExtra": "0.6-28",
		"lava": "1.5.1",
		"lazyeval": "0.2.1",
		"leaflet": "1.1.0",
		"leaps": "3.0",
		"lme4": "1.1-14",
		"lmodel2": "1.7-2",
		"lmtest": "0.9-35",
		"LogicReg": "1.5.9",
		"loo": "1.1.0",
		"lpSolve": "5.6.13",
		"lubridate": "1.7.1",
		"magrittr": "1.5",
		"mapproj": "1.2-5",
		"maps": "3.2.0",
		"markdown": "0.8",
		"MASS": "7.3-48",
		"Matrix": "1.2-12",
		"matrixcalc": "1.0-3",
		"MatrixModels": "0.4-1",
		"matrixStats": "0.52.2",
		"memoise": "1.1.0",
		"mgcv": "1.8-22",
		"mi": "1.0",
		"mime": "0.5",
		"miniCRAN": "0.2.9",
		"miniUI": "0.1.1",
		"minqa": "1.2.4",
		"mlbench": "2.1-1",
		"mnormt": "1.5-5",
		"ModelMetrics": "1.1.0",
		"modelr": "0.1.1",
		"modeltools": "0.2-21",
		"mstate": "0.2.10",
		"muhaz": "1.2.6",
		"multcomp": "1.4-7",
		"munsell": "0.4.3",
		"mvtnorm": "1.0-6",
		"neuralnet": "1.33",
		"nlme": "3.1-131",
		"nloptr": "1.0.4",
		"nnet": "7.3-12",
		"nortest": "1.0-4",
		"numDeriv": "2016.8-1",
		"openssl": "0.9.8",
		"openxlsx": "4.0.17",
		"packrat": "0.4.8-1",
		"parsedate": "1.1.3",
		"partykit": "1.1-1",
		"pbdZMQ": "0.2-6",
		"pbkrtest": "0.4-7",
		"pingr": "1.1.2",
		"pinp": "0.0.4",
		"pkgconfig": "2.0.1",
		"pkgKitten": "0.1.4",
		"PKI": "0.1-5.1",
		"plogr": "0.1-1",
		"plotly": "4.7.1",
		"plumber": "0.4.2",
		"plyr": "1.8.4",
		"png": "0.1-7",
		"praise": "1.0.0",
		"prettyunits": "1.0.2",
		"pROC": "1.10.0",
		"prodlim": "1.6.1",
		"proto": "1.0.0",
		"psych": "1.7.8",
		"purrr": "0.2.4",
		"quadprog": "1.5-5",
		"quantmod": "0.4-10",
		"quantreg": "5.33",
		"R6": "2.2.2",
		"randomForest": "4.6-12",
		"randomForestSRC": "2.5.0",
		"RANN": "2.5.1",
		"rappdirs": "0.3.1",
		"raster": "2.5-8",
		"rbenchmark": "1.0.0",
		"Rcmdr": "2.4-0",
		"RcmdrMisc": "1.0-6",
		"RcmdrPlugin.epack": "",
		"RColorBrewer": "1.1-2",
		"Rcpp": "0.12.13",
		"RcppArmadillo": "0.7.960.1.2",
		"RcppEigen": "0.3.3.3.0",
		"RcppRoll": "0.2.2",
		"RCurl": "1.95-4.8",
		"readr": "1.1.1",
		"readstata13": "0.9.0",
		"readxl": "1.0.0",
		"recipes": "0.1.0",
		"relimp": "1.0-5",
		"rematch": "1.0.1",
		"repr": "0.12.0",
		"reprex": "0.1.1",
		"reshape2": "1.4.2",
		"rex": "1.1.2",
		"RgoogleMaps": "1.4.1",
		"rJava": "0.9-8",
		"RJDBC": "0.2-5",
		"rjson": "0.2.15",
		"RJSONIO": "1.3-0",
		"rlang": "0.1.4",
		"rmarkdown": "1.6",
		"robustbase": "0.92-8",
		"RODBC": "1.3-15",
		"ROracle": "1.3-1",
		"roxygen2": "6.0.1",
		"rpart": "4.1-11",
		"rprojroot": "1.2",
		"rsample": "0.0.1",
		"rsconnect": "0.8.5",
		"rsparkling": "0.2.2",
		"RSQLite": "2.0",
		"rstan": "2.16.2",
		"rstanarm": "2.15.3",
		"rstantools": "1.3.0",
		"rstudioapi": "0.7",
		"RUnit": "0.4.31",
		"rvest": "0.3.2",
		"sandwich": "2.4-0",
		"scales": "0.5.0",
		"selectr": "0.3-1",
		"sem": "3.1-9",
		"sfsmisc": "1.1-1",
		"shiny": "1.0.5",
		"shinydashboard": "0.6.1",
		"shinyjs": "0.9.1",
		"shinystan": "2.4.0",
		"shinythemes": "1.1.1",
		"sourcetools": "0.1.6",
		"sp": "1.2-5",
		"spareserver": "1.0.1",
		"sparklyr": "0.6.3",
		"SparseM": "1.77",
		"sqldf": "0.4-11",
		"StanHeaders": "2.16.0-1",
		"statmod": "1.4.30",
		"stringi": "1.1.5",
		"stringr": "1.2.0",
		"survey": "3.32-1",
		"survival": "2.41-3",
		"TeachingDemos": "2.10",
		"testthat": "1.0.2",
		"TH.data": "1.0-8",
		"threejs": "0.3.1",
		"tibble": "1.3.4",
		"tidyr": "0.7.2",
		"tidyselect": "0.2.3",
		"tidyverse": "1.2.0",
		"timeDate": "3012.100",
		"tree": "1.0-37",
		"tseries": "0.10-42",
		"TTR": "0.23-2",
		"uuid": "0.1-2",
		"viridis": "0.4.0",
		"viridisLite": "0.2.0",
		"visNetwork": "2.0.1",
		"whisker": "0.3-2",
		"withr": "2.1.0",
		"xlsx": "0.5.7",
		"xlsxjars": "0.6.1",
		"XML": "3.98-1.9",
		"xml2": "1.1.1",
		"xtable": "1.8-2",
		"xts": "0.10-0",
		"yaml": "2.1.14",
		"zoo": "1.8-0"
	}
}
